month,invoiced_revenue
2024-01,1408516.5
2024-02,2170765.25
2024-03,2217382.41
2024-04,2421037.83
2024-05,2395454.68
2024-06,2358248.7
2024-07,2286956.62
2024-08,2093775.13
2024-09,2526923.63
2024-10,2506035.05
2024-11,2301838.38
2024-12,2626789.3
2025-01,2539434.97
2025-02,2219983.05
2025-03,2580596.07
2025-04,2299638.52
2025-05,2629254.67
2025-06,2447370.05
2025-07,2403029.09
2025-08,2626642.9
2025-09,2320162.54
2025-10,2719018.86
2025-11,2119168.64
2025-12,2472402.92
2026-01,2688918.15
2026-02,2260980.22
2026-03,2596953.3
2026-04,2449510.07
2026-05,2650608.77
2026-06,2554298.58
2026-07,2269040.4
2026-08,2452411.33
2026-09,2546511.58
2026-10,2297493.38
2026-11,2469972.14
2026-12,2519722.16
