Month,HoursPerStandardHour,TTMDirect,TTMIndirect,TTMTotal,TTMOvertimeShare
2024-12,0.89,0.85,0.33,1.18,0.116
2025-01,1.38,0.84,0.28,1.12,0.121
2025-02,1.75,0.85,0.35,1.2,0.13
2025-03,1.76,0.85,0.42,1.27,0.134
2025-04,1.53,0.85,0.49,1.35,0.141
2025-05,1.65,0.85,0.54,1.39,0.147
2025-06,1.07,0.86,0.57,1.43,0.146
2025-07,1.29,0.86,0.55,1.41,0.148
2025-08,1.69,0.87,0.55,1.41,0.152
2025-09,1.53,0.88,0.51,1.4,0.158
2025-10,1.3,0.89,0.51,1.4,0.164
2025-11,0.96,0.83,0.53,1.36,0.158
2025-12,1.37,0.87,0.54,1.41,0.167
2026-01,1.71,0.88,0.56,1.44,0.171
2026-02,1.76,0.88,0.56,1.44,0.172
2026-03,1.95,0.9,0.55,1.46,0.177
2026-04,1.61,0.92,0.55,1.46,0.181
2026-05,1.41,0.87,0.57,1.45,0.175
2026-06,1.34,0.91,0.56,1.47,0.183
2026-07,1.74,0.91,0.59,1.51,0.186
2026-08,1.5,0.93,0.57,1.49,0.189
2026-09,1.55,0.92,0.57,1.49,0.191
2026-10,1.86,0.96,0.58,1.54,0.196
2026-11,0.92,0.93,0.6,1.53,0.194
2026-12,1.03,0.94,0.57,1.51,0.198
