month,model_history,visible_2026_axis
2026-01,1.4397226443029119,1.7141785120897644
2026-02,1.4407265668290952,1.736945174651769
2026-03,1.4566667623670728,1.8018209382947141
2026-04,1.4639684404320787,1.7500913824788933
2026-05,1.4468097948568779,1.679333897955988
2026-06,1.469780044306971,1.6095965275059325
2026-07,1.5075021374234627,1.6298963551290502
2026-08,1.4921786758048283,1.6138731696491961
2026-09,1.4940760040412102,1.6058478396683902
2026-10,1.5444861635544227,1.6307945170995484
2026-11,1.5279556623964607,1.5454613278413094
2026-12,1.511048876792922,1.511048876792922
