digit,expected,full_payments,partial_payments
1,0.3010299956639812,0.27820606771215006,0.2487389111149765
2,0.17609125905568124,0.16714055400850067,0.07827448251869891
3,0.12493873660829993,0.1227319360984904,0.07270829709514698
4,0.09691001300805642,0.09925252821339586,0.1001913376239346
5,0.07918124604762482,0.08708779129415213,0.11793355366150635
6,0.06694678963061322,0.07451267770775319,0.11219342494346843
7,0.05799194697768673,0.06325663198006742,0.10975821882066446
8,0.05115252244738129,0.05613366554301627,0.08992868324926075
9,0.04575749056067514,0.05167814744247398,0.07027309097234302
